supersector_code,supersector_name,year,quarter_label,quarter,event_time,post,employment,avg_hourly_earnings,log_emp,log_wage,log_wbill,n_months,preliminary
10,Mining and logging,2017,Q1,1,-23,0,654.3333333333334,32.14,6.4836169056083515,3.4701013603093664,9.953718265917718,3,0
10,Mining and logging,2017,Q2,2,-22,0,673.3333333333334,31.836666666666662,6.512240501727141,3.4606186653785365,9.972859167105677,3,0
10,Mining and logging,2017,Q3,3,-21,0,682.6666666666666,32.056666666666665,6.5260066974912885,3.4675051700562807,9.99351186754757,3,0
10,Mining and logging,2017,Q4,4,-20,0,690.3333333333334,32.10666666666666,6.537174572727475,3.469063692892401,10.006238265619876,3,0
10,Mining and logging,2018,Q1,1,-19,0,706.3333333333334,32.336666666666666,6.5600872696001895,3.4762017773050826,10.036289046905273,3,0
10,Mining and logging,2018,Q2,2,-18,0,726.0,32.36666666666667,6.587550014824796,3.4771290866291698,10.064679101453965,3,0
10,Mining and logging,2018,Q3,3,-17,0,735.0,32.60333333333333,6.5998704992128365,3.484414532634292,10.084285031847129,3,0
10,Mining and logging,2018,Q4,4,-16,0,739.3333333333334,32.693333333333335,6.605748879242203,3.487171183519792,10.092920062761994,3,0
10,Mining and logging,2019,Q1,1,-15,0,743.3333333333334,32.906666666666666,6.611144575786055,3.493675271488968,10.104819847275023,3,0
10,Mining and logging,2019,Q2,2,-14,0,737.0,33.48666666666667,6.602587892189336,3.5111473496537893,10.113735241843125,3,0
10,Mining and logging,2019,Q3,3,-13,0,721.3333333333334,34.056666666666665,6.581101351298263,3.5280258039352224,10.109127155233486,3,0
10,Mining and logging,2019,Q4,4,-12,0,705.0,34.446666666666665,6.558197802812269,3.539412234190929,10.097610037003198,3,0
10,Mining and logging,2020,Q1,1,-11,0,680.3333333333334,34.46333333333333,6.522582874141735,3.539895956930492,10.062478831072227,3,0
10,Mining and logging,2020,Q2,2,-10,0,597.6666666666666,34.81,6.393033184937023,3.5499047018233476,9.94293788676037,3,0
10,Mining and logging,2020,Q3,3,-9,0,563.6666666666666,34.56,6.334463060230471,3.542696943935855,9.877160004166326,3,0
10,Mining and logging,2020,Q4,4,-8,0,555.6666666666666,34.343333333333334,6.320168594082684,3.536407919288867,9.856576513371552,3,0
10,Mining and logging,2021,Q1,1,-7,0,547.0,34.54,6.304448802421981,3.5421180727185324,9.846566875140514,3,0
10,Mining and logging,2021,Q2,2,-6,0,557.0,34.626666666666665,6.322565239927284,3.544624098126438,9.867189338053722,3,0
10,Mining and logging,2021,Q3,3,-5,0,564.0,34.99,6.335054251498059,3.5550623063795967,9.890116557877656,3,0
10,Mining and logging,2021,Q4,4,-4,0,572.6666666666666,35.38333333333333,6.350303813876091,3.5662408994811554,9.916544713357247,3,0
10,Mining and logging,2022,Q1,1,-3,0,582.6666666666666,35.54333333333333,6.367615267547371,3.5707526093619784,9.93836787690935,3,0
10,Mining and logging,2022,Q2,2,-2,0,601.3333333333334,35.43333333333334,6.399149411954459,3.5676529966797927,9.966802408634251,3,0
10,Mining and logging,2022,Q3,3,-1,0,613.3333333333334,36.32,6.418908561934922,3.5923685537330927,10.011277115668014,3,0
10,Mining and logging,2022,Q4,4,0,1,623.0,36.57,6.434546518787453,3.59922823216129,10.033774750948742,3,0
10,Mining and logging,2023,Q1,1,1,1,633.6666666666666,37.17,6.45152305382032,3.615501984309161,10.067025038129481,3,0
10,Mining and logging,2023,Q2,2,2,1,639.6666666666666,37.88666666666666,6.46094720733959,3.6345992472008657,10.095546454540456,3,0
10,Mining and logging,2023,Q3,3,3,1,641.3333333333334,38.443333333333335,6.463549342557542,3.6491852955697377,10.11273463812728,3,0
10,Mining and logging,2023,Q4,4,4,1,637.6666666666666,38.77,6.457815680772143,3.657646751682838,10.115462432454981,3,0
10,Mining and logging,2024,Q1,1,5,1,634.0,39.28666666666666,6.452048954437226,3.6708851907416573,10.122934145178883,3,0
10,Mining and logging,2024,Q2,2,6,1,624.0,39.71333333333333,6.436150368369428,3.6816869835324315,10.117837351901859,3,0
10,Mining and logging,2024,Q3,3,7,1,621.3333333333334,39.71,6.431867706577427,3.6816030451431603,10.113470751720588,3,0
10,Mining and logging,2024,Q4,4,8,1,622.6666666666666,39.9,6.434011330120678,3.686376323895818,10.120387654016495,3,0
10,Mining and logging,2025,Q1,1,9,1,621.3333333333334,40.11666666666667,6.431867706577427,3.691791875560971,10.123659582138398,3,0
10,Mining and logging,2025,Q2,2,10,1,618.6666666666666,40.10333333333333,6.427566624678036,3.6914594563773235,10.11902608105536,3,0
10,Mining and logging,2025,Q3,3,11,1,607.3333333333334,40.36333333333334,6.409077789151794,3.6979217820981654,10.10699957124996,3,0
10,Mining and logging,2025,Q4,4,12,1,605.0,40.67333333333334,6.405228458030842,3.705572677055597,10.110801135086438,3,0
10,Mining and logging,2026,Q1,1,13,1,602.0,40.85,6.400257445308821,3.709906821306012,10.110164266614833,3,1
10,Mining and logging,2026,Q2,2,14,1,606.0,41.31,6.406879986069314,3.721104601408673,10.127984587477988,1,1
20,Construction,2017,Q1,1,-23,0,6874.333333333333,28.563333333333333,8.835549948135938,3.3521238440129175,12.187673792148855,3,0
20,Construction,2017,Q2,2,-22,0,6936.333333333333,28.74,8.84452857574467,3.358289880650879,12.202818456395548,3,0
20,Construction,2017,Q3,3,-21,0,6994.333333333333,29.016666666666666,8.852855576386585,3.3678703775460885,12.220725953932673,3,0
20,Construction,2017,Q4,4,-20,0,7063.333333333333,29.203333333333333,8.862672362594235,3.374282858010163,12.236955220604397,3,0
20,Construction,2018,Q1,1,-19,0,7157.0,29.473333333333333,8.875846177738598,3.3834858997299873,12.259332077468585,3,0
20,Construction,2018,Q2,2,-18,0,7259.333333333333,29.7,8.890043276237897,3.391147045808654,12.28119032204655,3,0
20,Construction,2018,Q3,3,-17,0,7346.666666666667,30.046666666666667,8.902001974598742,3.4027517285943927,12.304753703193134,3,0
20,Construction,2018,Q4,4,-16,0,7390.333333333333,30.33,8.9079281189241,3.41213732170049,12.32006544062459,3,0
20,Construction,2019,Q1,1,-15,0,7415.0,30.433333333333334,8.911260254572033,3.415538498932813,12.326798753504846,3,0
20,Construction,2019,Q2,2,-14,0,7482.666666666667,30.673333333333332,8.920344513674133,3.4233936560592126,12.343738169733346,3,0
20,Construction,2019,Q3,3,-13,0,7534.333333333333,30.826666666666668,8.927225631145479,3.4283801162559575,12.355605747401437,3,0
20,Construction,2019,Q4,4,-12,0,7540.333333333333,31.093333333333334,8.928021668689725,3.4369934339340724,12.365015102623799,3,0
20,Construction,2020,Q1,1,-11,0,7575.333333333333,31.333333333333332,8.932652633809845,3.4446824936018943,12.377335127411738,3,0
20,Construction,2020,Q2,2,-10,0,6895.0,31.463333333333335,8.838551790227402,3.4488228466687434,12.287374636896146,3,0
20,Construction,2020,Q3,3,-9,0,7225.0,31.796666666666667,8.885302512980633,3.459361462489007,12.34466397546964,3,0
20,Construction,2020,Q4,4,-8,0,7326.333333333333,31.996666666666666,8.899230442349165,3.4656317307073357,12.3648621730565,3,0
20,Construction,2021,Q1,1,-7,0,7346.333333333333,32.223333333333336,8.901956601518581,3.4726908278084045,12.374647429326986,3,0
20,Construction,2021,Q2,2,-6,0,7394.666666666667,32.696666666666665,8.908514298627503,3.4872731359081146,12.395787434535618,3,0
20,Construction,2021,Q3,3,-5,0,7447.0,33.09,8.915566545710645,3.499231121933521,12.414797667644166,3,0
20,Construction,2021,Q4,4,-4,0,7558.333333333333,33.49333333333333,8.930405986315227,3.5113464140517787,12.441752400367006,3,0
20,Construction,2022,Q1,1,-3,0,7646.0,33.97666666666667,8.941937914256359,3.525674014512212,12.46761192876857,3,0
20,Construction,2022,Q2,2,-2,0,7732.333333333333,34.52333333333333,8.95316595028016,3.5416354239326777,12.49480137421284,3,0
20,Construction,2022,Q3,3,-1,0,7808.333333333333,34.95333333333333,8.962946818438514,3.554013838476277,12.51696065691479,3,0
20,Construction,2022,Q4,4,0,1,7865.0,35.45666666666667,8.970177815492379,3.568311293595464,12.538489109087841,3,0
20,Construction,2023,Q1,1,1,1,7933.666666666667,35.82666666666667,8.978870586915498,3.578692495079181,12.55756308199468,3,0
20,Construction,2023,Q2,2,2,1,7975.333333333333,36.25333333333334,8.98410872406274,3.59053133109616,12.5746400551589,3,0
20,Construction,2023,Q3,3,3,1,8037.0,36.79666666666666,8.991811158212718,3.6054072613621506,12.597218419574869,3,0
20,Construction,2023,Q4,4,4,1,8089.333333333333,37.163333333333334,8.998301600394079,3.6153226121113704,12.61362421250545,3,0
20,Construction,2024,Q1,1,5,1,8139.666666666667,37.60666666666666,9.00450450811716,3.62718133964372,12.631685847760881,3,0
20,Construction,2024,Q2,2,6,1,8180.666666666667,38.04333333333333,9.009528925868384,3.6387258608973987,12.648254786765783,3,0
20,Construction,2024,Q3,3,7,1,8232.666666666666,38.39333333333334,9.015865259009658,3.647883833410417,12.663749092420074,3,0
20,Construction,2024,Q4,4,8,1,8268.333333333334,38.800000000000004,9.020188236067039,3.6584202466292277,12.678608482696268,3,0
20,Construction,2025,Q1,1,9,1,8268.0,39.14333333333334,9.020147920801659,3.6672301227088804,12.68737804351054,3,0
20,Construction,2025,Q2,2,10,1,8269.0,39.48,9.020268861722167,3.675794214565281,12.696063076287448,3,0
20,Construction,2025,Q3,3,11,1,8251.666666666666,39.906666666666666,9.018170479127413,3.6865433943163883,12.704713873443803,3,0
20,Construction,2025,Q4,4,12,1,8264.666666666666,40.28333333333333,9.019744678729982,3.6959378184813825,12.715682497211365,3,0
20,Construction,2026,Q1,1,13,1,8308.333333333334,40.72,9.02501430616193,3.7067193722422673,12.731733678404197,3,1
20,Construction,2026,Q2,2,14,1,8321.0,40.97,9.02653771890043,3.7128400915587796,12.73937781045921,1,1
30,Manufacturing,2017,Q1,1,-23,0,12348.333333333334,26.383333333333336,9.421276380182647,3.2727324976589114,12.69400887784156,3,0
30,Manufacturing,2017,Q2,2,-22,0,12378.0,26.516666666666666,9.423675982299306,3.2777734661156863,12.701449448414992,3,0
30,Manufacturing,2017,Q3,3,-21,0,12422.666666666666,26.626666666666665,9.427278039902205,3.2819132198795047,12.70919125978171,3,0
30,Manufacturing,2017,Q4,4,-20,0,12476.666666666666,26.73,9.431615512230366,3.2857865301508276,12.717402042381192,3,0
30,Manufacturing,2018,Q1,1,-19,0,12551.333333333334,26.86,9.437582180616548,3.2906381910950917,12.72822037171164,3,0
30,Manufacturing,2018,Q2,2,-18,0,12624.666666666666,26.953333333333333,9.44340785115474,3.294106975544515,12.737514826699256,3,0
30,Manufacturing,2018,Q3,3,-17,0,12691.333333333334,27.040000000000003,9.448674624797624,3.2973172511747633,12.745991875972388,3,0
30,Manufacturing,2018,Q4,4,-16,0,12744.333333333334,27.21666666666667,9.452842007347423,3.3038295307483647,12.756671538095787,3,0
30,Manufacturing,2019,Q1,1,-15,0,12786.666666666666,27.386666666666667,9.456158240329264,3.310056276952193,12.766214517281458,3,0
30,Manufacturing,2019,Q2,2,-14,0,12783.333333333334,27.55,9.455897518127292,3.3160025355989236,12.771900053726217,3,0
30,Manufacturing,2019,Q3,3,-13,0,12788.666666666666,27.756666666666664,9.456314641028174,3.3234760515796182,12.779790692607792,3,0
30,Manufacturing,2019,Q4,4,-12,0,12756.666666666666,28.006666666666664,9.453809289751637,3.332442577073126,12.786251866824765,3,0
30,Manufacturing,2020,Q1,1,-11,0,12724.0,28.286666666666665,9.451245252869034,3.342390551106069,12.793635803975103,3,0
30,Manufacturing,2020,Q2,2,-10,0,11647.333333333334,28.963333333333335,9.36283253436628,3.366030662183005,12.728863196549286,3,0
30,Manufacturing,2020,Q3,3,-9,0,12009.666666666666,28.826666666666668,9.393467160039958,3.3613008846628434,12.754768044702802,3,0
30,Manufacturing,2020,Q4,4,-8,0,12119.0,28.936666666666667,9.402529747968487,3.3651095337356067,12.767639281704094,3,0
30,Manufacturing,2021,Q1,1,-7,0,12181.0,29.126666666666665,9.407632639699958,3.3716541348551803,12.779286774555139,3,0
30,Manufacturing,2021,Q2,2,-6,0,12218.666666666666,29.47666666666667,9.410720116025168,3.383598989919534,12.794319105944702,3,0
30,Manufacturing,2021,Q3,3,-5,0,12350.333333333334,29.843333333333334,9.421438332245192,3.395961475977955,12.817399808223147,3,0
30,Manufacturing,2021,Q4,4,-4,0,12496.0,30.213333333333335,9.433163872079467,3.4082833280516414,12.841447200131109,3,0
30,Manufacturing,2022,Q1,1,-3,0,12613.0,30.53333333333333,9.442483307087192,3.418818983011975,12.861302290099168,3,0
30,Manufacturing,2022,Q2,2,-2,0,12742.666666666666,30.8,9.45271122171796,3.427514689979529,12.880225911697488,3,0
30,Manufacturing,2022,Q3,3,-1,0,12827.0,31.026666666666667,9.45930760329985,3.434847049765981,12.894154653065833,3,0
30,Manufacturing,2022,Q4,4,0,1,12891.333333333334,31.383333333333336,9.464310529942427,3.4462769664350517,12.91058749637748,3,0
30,Manufacturing,2023,Q1,1,1,1,12896.333333333334,31.72666666666667,9.464698312220467,3.457157547024855,12.921855859245321,3,0
30,Manufacturing,2023,Q2,2,2,1,12876.0,32.18,9.463120392418698,3.471345141564237,12.934465533982936,3,0
30,Manufacturing,2023,Q3,3,3,1,12865.0,32.64333333333334,9.462265724715845,3.4856406490645937,12.947906373780437,3,0
30,Manufacturing,2023,Q4,4,4,1,12856.0,33.04666666666666,9.461565907417349,3.497920703924318,12.959486611341667,3,0
30,Manufacturing,2024,Q1,1,5,1,12854.333333333334,33.43666666666667,9.461436257859921,3.509653102227284,12.971089360087204,3,0
30,Manufacturing,2024,Q2,2,6,1,12824.0,33.79666666666667,9.459073694289389,3.5203621782963785,12.979435872585768,3,0
30,Manufacturing,2024,Q3,3,7,1,12778.666666666666,34.193333333333335,9.455532392807012,3.5320306932930126,12.987563086100025,3,0
30,Manufacturing,2024,Q4,4,8,1,12700.333333333334,34.48666666666667,9.449383518821403,3.5405727759072594,12.989956294728664,3,0
30,Manufacturing,2025,Q1,1,9,1,12670.0,34.95333333333333,9.446992273315185,3.554013838476277,13.001006111791462,3,0
30,Manufacturing,2025,Q2,2,10,1,12649.666666666666,35.27,9.445386143347354,3.563032744247961,13.008418887595314,3,0
30,Manufacturing,2025,Q3,3,11,1,12617.333333333334,35.596666666666664,9.442826808960014,3.572252000515344,13.015078809475357,3,0
30,Manufacturing,2025,Q4,4,12,1,12592.0,35.98,9.440816970657185,3.582963228522387,13.023780199179571,3,0
30,Manufacturing,2026,Q1,1,13,1,12587.666666666666,36.376666666666665,9.440472777587953,3.5939275434568887,13.034400321044842,3,1
30,Manufacturing,2026,Q2,2,14,1,12596.0,36.68,9.441134582220915,3.602231647388264,13.043366229609179,1,1
31,Durable goods,2017,Q1,1,-23,0,7670.0,27.62,8.945071894361302,3.318540147981146,12.263612042342448,3,0
31,Durable goods,2017,Q2,2,-22,0,7684.666666666667,27.766666666666666,8.946982280492849,3.323836260504687,12.270818540997535,3,0
31,Durable goods,2017,Q3,3,-21,0,7712.666666666667,27.893333333333334,8.950619277920724,3.328387711648503,12.279006989569227,3,0
31,Durable goods,2017,Q4,4,-20,0,7763.333333333333,27.993333333333336,8.957167074210277,3.3319663865879376,12.289133460798215,3,0
31,Durable goods,2018,Q1,1,-19,0,7828.333333333333,28.146666666666665,8.965504909792985,3.33742893431201,12.302933844104995,3,0
31,Durable goods,2018,Q2,2,-18,0,7888.666666666667,28.27,8.973182409276394,3.341801171705499,12.314983580981893,3,0
31,Durable goods,2018,Q3,3,-17,0,7939.666666666667,28.429999999999996,8.979626571831805,3.3474449256629084,12.327071497494712,3,0
31,Durable goods,2018,Q4,4,-16,0,7986.0,28.646666666666665,8.985445287623167,3.3550370896787394,12.340482377301907,3,0
31,Durable goods,2019,Q1,1,-15,0,8022.0,28.83,8.989943046329998,3.3614165116503107,12.35135955798031,3,0
31,Durable goods,2019,Q2,2,-14,0,8009.666666666667,29.02333333333333,8.988404424548134,3.3681001041724143,12.35650452872055,3,0
31,Durable goods,2019,Q3,3,-13,0,8004.0,29.2,8.987696695703624,3.374168709274236,12.361865404977861,3,0
31,Durable goods,2019,Q4,4,-12,0,7966.333333333333,29.46666666666667,8.982979607371949,3.3832596809754882,12.366239288347437,3,0
31,Durable goods,2020,Q1,1,-11,0,7952.0,29.709999999999997,8.98117874833641,3.391483689474516,12.372662437810925,3,0
31,Durable goods,2020,Q2,2,-10,0,7206.333333333333,30.403333333333332,8.882715547986354,3.4145522515239572,12.297267799510312,3,0
31,Durable goods,2020,Q3,3,-9,0,7456.666666666667,30.24,8.916863765816066,3.4091655513113324,12.326029317127398,3,0
31,Durable goods,2020,Q4,4,-8,0,7514.0,30.416666666666668,8.924523226133914,3.414990703794491,12.339513929928405,3,0
31,Durable goods,2021,Q1,1,-7,0,7551.333333333333,30.593333333333334,8.929479427092549,3.4207821202985778,12.350261547391128,3,0
31,Durable goods,2021,Q2,2,-6,0,7574.666666666667,30.930000000000003,8.932564625008908,3.4317265866969784,12.364291211705886,3,0
31,Durable goods,2021,Q3,3,-5,0,7669.666666666667,31.33,8.945028434051423,3.4445761049641,12.389604539015524,3,0
31,Durable goods,2021,Q4,4,-4,0,7756.666666666667,31.73,8.956307967628227,3.4572626055951043,12.413570573223332,3,0
31,Durable goods,2022,Q1,1,-3,0,7823.666666666667,32.053333333333335,8.964908606853433,3.467401182118788,12.43230978897222,3,0
31,Durable goods,2022,Q2,2,-2,0,7898.0,32.379999999999995,8.974364841846596,3.477540948249489,12.451905790096083,3,0
31,Durable goods,2022,Q3,3,-1,0,7957.666666666667,32.6,8.981891103538441,3.484312288372662,12.466203391911105,3,0
31,Durable goods,2022,Q4,4,0,1,8015.0,32.953333333333326,8.989070065043654,3.495092419210703,12.484162484254357,3,0
31,Durable goods,2023,Q1,1,1,1,8032.0,33.20666666666667,8.99118884193151,3.502750658977028,12.493939500908539,3,0
31,Durable goods,2023,Q2,2,2,1,8021.333333333333,33.71,8.989859938081457,3.5177945292459696,12.507654467327425,3,0
31,Durable goods,2023,Q3,3,3,1,8027.666666666667,34.19,8.990649187712224,3.5319332036512097,12.522582391363434,3,0
31,Durable goods,2023,Q4,4,4,1,8012.0,34.74333333333333,8.988695696785708,3.5479877070831214,12.53668340386883,3,0
31,Durable goods,2024,Q1,1,5,1,8006.666666666667,35.31666666666667,8.988029806965866,3.5643549960461987,12.552384803012064,3,0
31,Durable goods,2024,Q2,2,6,1,7979.0,35.75666666666667,8.984568369308281,3.576736731941228,12.56130510124951,3,0
31,Durable goods,2024,Q3,3,7,1,7937.0,36.21666666666667,8.979290649090876,3.589519418034329,12.568810067125204,3,0
31,Durable goods,2024,Q4,4,8,1,7880.0,36.56666666666667,8.972083182851925,3.599137078613075,12.571220261465,3,0
31,Durable goods,2025,Q1,1,9,1,7857.0,37.10666666666666,8.969160133175821,3.61379664798958,12.582956781165402,3,0
31,Durable goods,2025,Q2,2,10,1,7843.666666666667,37.42666666666667,8.96746169108777,3.622383462825572,12.589845153913343,3,0
31,Durable goods,2025,Q3,3,11,1,7822.333333333333,37.82666666666666,8.964738169254485,3.6330143212725408,12.597752490527027,3,0
31,Durable goods,2025,Q4,4,12,1,7801.333333333333,38.13333333333333,8.962049938240018,3.6410887902775877,12.603138728517605,3,0
31,Durable goods,2026,Q1,1,13,1,7812.666666666667,38.60666666666666,8.963501627150437,3.653424973129534,12.616926600279973,3,1
31,Durable goods,2026,Q2,2,14,1,7826.0,38.98,8.965206802770357,3.6630486940794147,12.628255496849773,1,1
32,Nondurable goods,2017,Q1,1,-23,0,4678.333333333333,24.276666666666667,8.450697200127873,3.189515669561714,11.640212869689588,3,0
32,Nondurable goods,2017,Q2,2,-22,0,4693.333333333333,24.403333333333332,8.453898341043924,3.1947197349904415,11.648618076034365,3,0
32,Nondurable goods,2017,Q3,3,-21,0,4710.0,24.493333333333336,8.457443187010464,3.198400971678815,11.655844158689279,3,0
32,Nondurable goods,2017,Q4,4,-20,0,4713.333333333333,24.583333333333332,8.458150650782454,3.2020687065518194,11.660219357334274,3,0
32,Nondurable goods,2018,Q1,1,-19,0,4723.0,24.666666666666668,8.460199469896118,3.20545280453606,11.665652274432178,3,0
32,Nondurable goods,2018,Q2,2,-18,0,4736.0,24.69333333333333,8.462948176563842,3.2065333016698143,11.669481478233656,3,0
32,Nondurable goods,2018,Q3,3,-17,0,4751.666666666667,24.653333333333336,8.466250712678663,3.2049121178508146,11.671162830529477,3,0
32,Nondurable goods,2018,Q4,4,-16,0,4758.333333333333,24.766666666666666,8.467652745856102,3.2094986630556037,11.677151408911705,3,0
32,Nondurable goods,2019,Q1,1,-15,0,4764.666666666667,24.903333333333336,8.468982859111815,3.2150016633196,11.683984522431414,3,0
32,Nondurable goods,2019,Q2,2,-14,0,4773.666666666667,25.016666666666666,8.470869981810592,3.2195422694113613,11.690412251221954,3,0
32,Nondurable goods,2019,Q3,3,-13,0,4784.666666666667,25.263333333333335,8.473171639321908,3.229354069155828,11.702525708477737,3,0
32,Nondurable goods,2019,Q4,4,-12,0,4790.333333333333,25.506666666666664,8.474355277406136,3.238939855903942,11.71329513331008,3,0
32,Nondurable goods,2020,Q1,1,-11,0,4772.0,25.86,8.470520783217808,3.2526973733437115,11.723218156561519,3,0
32,Nondurable goods,2020,Q2,2,-10,0,4441.0,26.64,8.398634855292102,3.2824138456721883,11.68104870096429,3,0
32,Nondurable goods,2020,Q3,3,-9,0,4553.0,26.483333333333334,8.423541635334782,3.2765156043146155,11.700057239649398,3,0
32,Nondurable goods,2020,Q4,4,-8,0,4605.0,26.486666666666668,8.434897948689407,3.2766414617183433,11.71153941040775,3,0
32,Nondurable goods,2021,Q1,1,-7,0,4629.666666666667,26.703333333333333,8.44024015024811,3.2847884015589157,11.725028551807025,3,0
32,Nondurable goods,2021,Q2,2,-6,0,4644.0,27.083333333333332,8.443331342817782,3.298918532541737,11.74224987535952,3,0
32,Nondurable goods,2021,Q3,3,-5,0,4680.666666666667,27.386666666666667,8.451195828909084,3.310056276952193,11.761252105861278,3,0
32,Nondurable goods,2021,Q4,4,-4,0,4739.333333333333,27.69333333333333,8.463651757821319,3.321191710339802,11.784843468161121,3,0
32,Nondurable goods,2022,Q1,1,-3,0,4789.333333333333,27.99,8.474146501873872,3.331847303527362,11.805993805401233,3,0
32,Nondurable goods,2022,Q2,2,-2,0,4844.666666666667,28.17,8.48563372250847,3.338257581888281,11.823891304396753,3,0
32,Nondurable goods,2022,Q3,3,-1,0,4869.333333333333,28.396666666666665,8.49071231416664,3.3462717673866393,11.836984081553279,3,0
32,Nondurable goods,2022,Q4,4,0,1,4876.333333333333,28.74,8.492148850309976,3.358289880650879,11.850438730960855,3,0
32,Nondurable goods,2023,Q1,1,1,1,4864.333333333333,29.19666666666667,8.489684951999635,3.374054547506888,11.863739499506524,3,0
32,Nondurable goods,2023,Q2,2,2,1,4854.666666666667,29.563333333333333,8.487695720627215,3.386534854720251,11.874230575347466,3,0
32,Nondurable goods,2023,Q3,3,3,1,4837.333333333333,29.97,8.484118883686808,3.4001968813285717,11.88431576501538,3,0
32,Nondurable goods,2023,Q4,4,4,1,4844.0,30.136666666666667,8.485496104672983,3.4057425920811655,11.891238696754149,3,0
32,Nondurable goods,2024,Q1,1,5,1,4847.666666666667,30.233333333333334,8.486252768509601,3.408945068452981,11.895197836962582,3,0
32,Nondurable goods,2024,Q2,2,6,1,4845.0,30.473333333333333,8.485702524324866,3.4168519842354885,11.902554508560355,3,0
32,Nondurable goods,2024,Q3,3,7,1,4841.666666666667,30.766666666666666,8.485014293052002,3.4264318528406967,11.911446145892699,3,0
32,Nondurable goods,2024,Q4,4,8,1,4820.333333333333,30.986666666666668,8.480598360946683,3.4335570044354915,11.914155365382173,3,0
32,Nondurable goods,2025,Q1,1,9,1,4813.0,31.336666666666662,8.47907586930311,3.4447888709223498,11.92386474022546,3,0
32,Nondurable goods,2025,Q2,2,10,1,4806.0,31.623333333333335,8.477620416296414,3.453895244736676,11.93151566103309,3,0
32,Nondurable goods,2025,Q3,3,11,1,4795.0,31.849999999999998,8.475328987317539,3.4610373820181723,11.936366369335712,3,0
32,Nondurable goods,2025,Q4,4,12,1,4790.666666666667,32.343333333333334,8.4744248595653,3.4764079203690983,11.950832779934398,3,0
32,Nondurable goods,2026,Q1,1,13,1,4775.0,32.65,8.471149252914831,3.48584485572244,11.956994108637272,3,1
32,Nondurable goods,2026,Q2,2,14,1,4770.0,32.83,8.470101583882387,3.4913427315135013,11.961444315395887,1,1
40,"Trade, transportation, and utilities",2017,Q1,1,-23,0,27307.666666666668,22.540000000000003,10.214922772028439,3.11529150861163,13.33021428064007,3,0
40,"Trade, transportation, and utilities",2017,Q2,2,-22,0,27309.666666666668,22.64,10.214996008851946,3.119718253334982,13.334714262186928,3,0
40,"Trade, transportation, and utilities",2017,Q3,3,-21,0,27337.666666666668,22.776666666666667,10.21602076159805,3.1257366201245773,13.341757381722628,3,0
40,"Trade, transportation, and utilities",2017,Q4,4,-20,0,27398.0,22.873333333333335,10.218225297011335,3.129971748762194,13.348197045773528,3,0
40,"Trade, transportation, and utilities",2018,Q1,1,-19,0,27445.333333333332,23.006666666666664,10.219951426413362,3.1357840290017474,13.35573545541511,3,0
40,"Trade, transportation, and utilities",2018,Q2,2,-18,0,27541.333333333332,23.186666666666667,10.223443185538205,3.1435774008179727,13.367020586356178,3,0
40,"Trade, transportation, and utilities",2018,Q3,3,-17,0,27574.666666666668,23.403333333333336,10.224652755804458,3.152878462361048,13.377531218165505,3,0
40,"Trade, transportation, and utilities",2018,Q4,4,-16,0,27595.666666666668,23.66333333333333,10.225414034547775,3.163926733383185,13.38934076793096,3,0
40,"Trade, transportation, and utilities",2019,Q1,1,-15,0,27605.333333333332,23.92,10.225764269752409,3.1747149290824312,13.400479198834839,3,0
40,"Trade, transportation, and utilities",2019,Q2,2,-14,0,27634.333333333332,24.106666666666666,10.226814239979028,3.1824884274158114,13.40930266739484,3,0
40,"Trade, transportation, and utilities",2019,Q3,3,-13,0,27663.0,24.313333333333333,10.227851059207252,3.1910248967124244,13.418875955919676,3,0
40,"Trade, transportation, and utilities",2019,Q4,4,-12,0,27711.0,24.486666666666668,10.22958472526072,3.1981287517234116,13.427713476984131,3,0
40,"Trade, transportation, and utilities",2020,Q1,1,-11,0,27724.0,24.709999999999997,10.230053743037875,3.2072080200005186,13.437261763038395,3,0
40,"Trade, transportation, and utilities",2020,Q2,2,-10,0,25167.333333333332,25.3,10.133302136284376,3.2308043957334744,13.36410653201785,3,0
40,"Trade, transportation, and utilities",2020,Q3,3,-9,0,26530.0,25.349999999999998,10.186031447131786,3.232778730037192,13.418810177168977,3,0
40,"Trade, transportation, and utilities",2020,Q4,4,-8,0,27072.333333333332,25.543333333333333,10.206267575174907,3.2403763563142034,13.44664393148911,3,0
40,"Trade, transportation, and utilities",2021,Q1,1,-7,0,27300.333333333332,25.683333333333334,10.21465419111072,3.245842273098015,13.460496464208735,3,0
40,"Trade, transportation, and utilities",2021,Q2,2,-6,0,27463.0,26.133333333333336,10.220594923172552,3.2632116386882526,13.483806561860805,3,0
40,"Trade, transportation, and utilities",2021,Q3,3,-5,0,27729.0,26.540000000000003,10.230234075932888,3.2786530289040616,13.50888710483695,3,0
40,"Trade, transportation, and utilities",2021,Q4,4,-4,0,28133.666666666668,26.883333333333336,10.24472224018698,3.2915065159031083,13.536228756090088,3,0
40,"Trade, transportation, and utilities",2022,Q1,1,-3,0,28479.666666666668,27.26,10.256945661337568,3.3054204262683866,13.562366087605955,3,0
40,"Trade, transportation, and utilities",2022,Q2,2,-2,0,28604.333333333332,27.560000000000002,10.261313500482197,3.3163654461454577,13.577678946627655,3,0
40,"Trade, transportation, and utilities",2022,Q3,3,-1,0,28723.333333333332,27.873333333333335,10.265465079565702,3.327670437260309,13.593135516826012,3,0
40,"Trade, transportation, and utilities",2022,Q4,4,0,1,28764.333333333332,28.23,10.266891472715011,3.340385242265398,13.60727671498041,3,0
40,"Trade, transportation, and utilities",2023,Q1,1,1,1,28818.333333333332,28.576666666666668,10.26876703767078,3.352590534022555,13.621357571693334,3,0
40,"Trade, transportation, and utilities",2023,Q2,2,2,1,28809.333333333332,28.92,10.268454687697451,3.3645333972905638,13.632988084988016,3,0
40,"Trade, transportation, and utilities",2023,Q3,3,3,1,28815.666666666668,29.236666666666668,10.268674499701229,3.3754236292951805,13.64409812899641,3,0
40,"Trade, transportation, and utilities",2023,Q4,4,4,1,28843.666666666668,29.41333333333333,10.26964572155144,3.381448086277137,13.651093807828577,3,0
40,"Trade, transportation, and utilities",2024,Q1,1,5,1,28831.0,29.74666666666667,10.269206476121777,3.3927170808962224,13.661923557018,3,0
40,"Trade, transportation, and utilities",2024,Q2,2,6,1,28870.333333333332,29.900000000000002,10.27056981860118,3.397858480396641,13.66842829899782,3,0
40,"Trade, transportation, and utilities",2024,Q3,3,7,1,28815.0,30.046666666666667,10.268651363870767,3.4027517285943927,13.671403092465159,3,0
40,"Trade, transportation, and utilities",2024,Q4,4,8,1,28786.666666666668,30.293333333333333,10.267667595960633,3.4109276663047314,13.678595262265366,3,0
40,"Trade, transportation, and utilities",2025,Q1,1,9,1,28797.666666666668,30.53333333333333,10.26804964432334,3.418818983011975,13.686868627335317,3,0
40,"Trade, transportation, and utilities",2025,Q2,2,10,1,28763.0,30.80666666666667,10.266845117938724,3.4277311167740105,13.694576234712734,3,0
40,"Trade, transportation, and utilities",2025,Q3,3,11,1,28737.333333333332,31.096666666666668,10.265952369431595,3.43710063230476,13.703053001736354,3,0
40,"Trade, transportation, and utilities",2025,Q4,4,12,1,28659.666666666668,31.45,10.263246070702756,3.4483989831464497,13.711645053849207,3,0
40,"Trade, transportation, and utilities",2026,Q1,1,13,1,28645.333333333332,31.733333333333334,10.26274582347713,3.45736765312921,13.720113476606342,3,1
40,"Trade, transportation, and utilities",2026,Q2,2,14,1,28724.0,31.82,10.265488289230207,3.4600950229096408,13.725583312139849,1,1
41,Wholesale trade,2017,Q1,1,-23,0,5805.0,29.8,8.666474894131992,3.3945083935113587,12.060983287643351,3,0
41,Wholesale trade,2017,Q2,2,-22,0,5808.666666666667,29.856666666666666,8.667106334123122,3.396408153818994,12.063514487942117,3,0
41,Wholesale trade,2017,Q3,3,-21,0,5815.133333333334,29.936666666666667,8.668218993895971,3.3990840390147485,12.06730303291072,3,0
41,Wholesale trade,2017,Q4,4,-20,0,5823.599999999999,30.016666666666666,8.66967390619917,3.401752782953855,12.071426689153027,3,0
41,Wholesale trade,2018,Q1,1,-19,0,5827.566666666667,30.11,8.670354810855915,3.4048573424936426,12.075212153349558,3,0
41,Wholesale trade,2018,Q2,2,-18,0,5819.433333333333,30.28333333333333,8.66895817057852,3.4105975061740703,12.079555676752591,3,0
41,Wholesale trade,2018,Q3,3,-17,0,5849.266666666666,30.526666666666667,8.67407157624281,3.4186006185608395,12.092672194803649,3,0
41,Wholesale trade,2018,Q4,4,-16,0,5864.833333333333,30.813333333333333,8.676729343519833,3.4279474967380703,12.104676840257904,3,0
41,Wholesale trade,2019,Q1,1,-15,0,5880.633333333334,31.026666666666667,8.679419744842962,3.434847049765981,12.114266794608943,3,0
41,Wholesale trade,2019,Q2,2,-14,0,5888.2,31.27,8.680705627223137,3.44265917146975,12.123364798692888,3,0
41,Wholesale trade,2019,Q3,3,-13,0,5890.0,31.5,8.681011276645632,3.449987545831587,12.13099882247722,3,0
41,Wholesale trade,2019,Q4,4,-12,0,5895.8,31.679999999999996,8.681995511991254,3.455685566946225,12.13768107893748,3,0
41,Wholesale trade,2020,Q1,1,-11,0,5888.566666666667,31.80666666666667,8.680767896719878,3.4596759114198514,12.14044380813973,3,0
41,Wholesale trade,2020,Q2,2,-10,0,5509.0,32.406666666666666,8.614138397472717,3.4783641629492,12.092502560421917,3,0
41,Wholesale trade,2020,Q3,3,-9,0,5542.366666666666,32.5,8.62017688466825,3.481240089335692,12.101416974003943,3,0
41,Wholesale trade,2020,Q4,4,-8,0,5588.866666666666,32.78333333333333,8.628531802600564,3.4899202561669584,12.118452058767524,3,0
41,Wholesale trade,2021,Q1,1,-7,0,5619.933333333333,33.08,8.634075080421175,3.4989288701554906,12.133003950576665,3,0
41,Wholesale trade,2021,Q2,2,-6,0,5674.433333333333,33.473333333333336,8.643725984206823,3.51074910193845,12.154475086145274,3,0
41,Wholesale trade,2021,Q3,3,-5,0,5741.933333333333,33.89666666666667,8.65555125025717,3.5233166811349363,12.178867931392107,3,0
41,Wholesale trade,2021,Q4,4,-4,0,5800.7,34.343333333333334,8.665733878907272,3.536407919288867,12.20214179819614,3,0
41,Wholesale trade,2022,Q1,1,-3,0,5880.599999999999,34.56,8.679414076503189,3.542696943935855,12.222111020439044,3,0
41,Wholesale trade,2022,Q2,2,-2,0,5967.866666666666,34.88,8.694144800257796,3.551913599040779,12.246058399298574,3,0
41,Wholesale trade,2022,Q3,3,-1,0,6019.5,35.21,8.70275947837508,3.5613301331669613,12.264089611542042,3,0
41,Wholesale trade,2022,Q4,4,0,1,6050.866666666666,35.74666666666666,8.707956791454192,3.5764570246996485,12.28441381615384,3,0
41,Wholesale trade,2023,Q1,1,1,1,6085.833333333333,36.27333333333333,8.713718944826155,3.5910828523896696,12.304801797215825,3,0
41,Wholesale trade,2023,Q2,2,2,1,6097.0,36.589999999999996,8.715552125907816,3.5997749790311153,12.315327104938932,3,0
41,Wholesale trade,2023,Q3,3,3,1,6118.366666666666,36.973333333333336,8.719050455354767,3.6101969320794676,12.329247387434235,3,0
41,Wholesale trade,2023,Q4,4,4,1,6130.833333333333,37.09,8.721085963138309,3.6133473915014993,12.33443335463981,3,0
41,Wholesale trade,2024,Q1,1,5,1,6124.566666666667,37.38666666666666,8.720063284610829,3.6213141346181703,12.341377419229,3,0
41,Wholesale trade,2024,Q2,2,6,1,6116.166666666667,37.58,8.718690817604184,3.6264719939853194,12.345162811589503,3,0
41,Wholesale trade,2024,Q3,3,7,1,6105.333333333333,37.669999999999995,8.716917985108877,3.6288640217039494,12.345782006812826,3,0
41,Wholesale trade,2024,Q4,4,8,1,6092.133333333334,37.89666666666667,8.714753600402815,3.6348631574729056,12.34961675787572,3,0
41,Wholesale trade,2025,Q1,1,9,1,6070.400000000001,38.13,8.711179779740695,3.6410013738694724,12.352181153610168,3,0
41,Wholesale trade,2025,Q2,2,10,1,6063.966666666667,38.57666666666667,8.710119430385376,3.652647603191877,12.362767033577253,3,0
41,Wholesale trade,2025,Q3,3,11,1,6048.8,38.96666666666667,8.70761518424406,3.662706579809913,12.370321764053973,3,0
41,Wholesale trade,2025,Q4,4,12,1,6048.433333333333,39.24666666666667,8.707554564322683,3.6698665149320058,12.377421079254688,3,0
41,Wholesale trade,2026,Q1,1,13,1,6052.366666666666,39.63666666666666,8.708204659105153,3.679754615781378,12.38795927488653,3,1
41,Wholesale trade,2026,Q2,2,14,1,6065.5,39.84,8.710372258210974,3.6848714327163976,12.395243690927371,1,1
42,Retail trade,2017,Q1,1,-23,0,15848.699999999999,17.986666666666668,9.670842757014245,2.8896307426714456,12.560473499685692,3,0
42,Retail trade,2017,Q2,2,-22,0,15789.233333333332,18.09,9.667083552133816,2.895359299407204,12.56244285154102,3,0
42,Retail trade,2017,Q3,3,-21,0,15762.566666666666,18.209999999999997,9.665393209711759,2.9019708937395166,12.567364103451276,3,0
42,Retail trade,2017,Q4,4,-20,0,15756.9,18.26,9.665033643556173,2.9047128751668225,12.569746518722996,3,0
42,Retail trade,2018,Q1,1,-19,0,15743.066666666666,18.423333333333336,9.664155335691978,2.913617977177062,12.57777331286904,3,0
42,Retail trade,2018,Q2,2,-18,0,15765.5,18.63,9.665579287302423,2.924773184613497,12.590352471915919,3,0
42,Retail trade,2018,Q3,3,-17,0,15710.933333333334,18.843333333333334,9.662112139627114,2.9361591820190895,12.598271321646203,3,0
42,Retail trade,2018,Q4,4,-16,0,15654.1,19.106666666666666,9.658488142487984,2.9500373142918614,12.608525456779846,3,0
42,Retail trade,2019,Q1,1,-15,0,15592.733333333332,19.373333333333335,9.65456027274772,2.9638975500339724,12.618457822781693,3,0
42,Retail trade,2019,Q2,2,-14,0,15553.0,19.55,9.65200882504456,2.972975286431375,12.624984111475936,3,0
42,Retail trade,2019,Q3,3,-13,0,15525.5,19.78,9.650239112402236,2.984671326194566,12.634910438596803,3,0
42,Retail trade,2019,Q4,4,-12,0,15528.966666666667,19.96666666666667,9.650462376045324,2.9940642164532942,12.644526592498618,3,0
42,Retail trade,2020,Q1,1,-11,0,15488.199999999999,20.263333333333332,9.647833722656124,3.0088130130925212,12.656646735748645,3,0
42,Retail trade,2020,Q2,2,-10,0,13776.866666666667,20.79,9.530746136032075,3.0344721018699214,12.565218237901997,3,0
42,Retail trade,2020,Q3,3,-9,0,14866.533333333333,21.113333333333333,9.606867880689961,3.049904752442384,12.656772633132347,3,0
42,Retail trade,2020,Q4,4,-8,0,15120.433333333334,21.203333333333333,9.623802308934838,3.0541584020226034,12.677960710957441,3,0
42,Retail trade,2021,Q1,1,-7,0,15195.866666666667,21.30333333333333,9.628778740030187,3.0588635549940806,12.687642295024268,3,0
42,Retail trade,2021,Q2,2,-6,0,15208.566666666666,21.77,9.629614144564743,3.080532875246456,12.710147019811197,3,0
42,Retail trade,2021,Q3,3,-5,0,15244.766666666668,22.060000000000002,9.631991553740558,3.0937660138253564,12.725757567565914,3,0
42,Retail trade,2021,Q4,4,-4,0,15392.266666666668,22.349999999999998,9.641620497772736,3.106826321059578,12.748446818832313,3,0
42,Retail trade,2022,Q1,1,-3,0,15501.033333333333,22.646666666666665,9.648661967351881,3.120012674064328,12.76867464141621,3,0
42,Retail trade,2022,Q2,2,-2,0,15457.1,22.84,9.645823723692107,3.1285133847878095,12.774337108479918,3,0
42,Retail trade,2022,Q3,3,-1,0,15503.533333333333,23.113333333333333,9.648823233918339,3.140409651588768,12.789232885507106,3,0
42,Retail trade,2022,Q4,4,0,1,15525.366666666667,23.400000000000002,9.650230524343502,3.152736022363656,12.802966546707157,3,0
42,Retail trade,2023,Q1,1,1,1,15572.233333333332,23.643333333333334,9.653244692777687,3.163081186545886,12.816325879323573,3,0
42,Retail trade,2023,Q2,2,2,1,15548.366666666667,23.823333333333334,9.651710874577157,3.170665492563778,12.822376367140935,3,0
42,Retail trade,2023,Q3,3,3,1,15534.0,24.026666666666667,9.650786448979593,3.179164324631973,12.829950773611566,3,0
42,Retail trade,2023,Q4,4,4,1,15535.366666666667,24.099999999999998,9.650874424166355,3.1822118404966093,12.833086264662965,3,0
42,Retail trade,2024,Q1,1,5,1,15527.266666666668,24.293333333333333,9.650352897218097,3.190201964283593,12.84055486150169,3,0
42,Retail trade,2024,Q2,2,6,1,15522.366666666667,24.400000000000002,9.650037273520512,3.1945831322991562,12.844620405819668,3,0
42,Retail trade,2024,Q3,3,7,1,15465.300000000001,24.526666666666667,9.646354083573113,3.1997609610085185,12.846115044581632,3,0
42,Retail trade,2024,Q4,4,8,1,15440.766666666668,24.833333333333332,9.644766476922877,3.2121868367174042,12.85695331364028,3,0
42,Retail trade,2025,Q1,1,9,1,15452.866666666667,25.070000000000004,9.64554980988266,3.221671912170202,12.86722172205286,3,0
42,Retail trade,2025,Q2,2,10,1,15442.366666666667,25.313333333333333,9.644870093352218,3.2313312661355464,12.876201359487764,3,0
42,Retail trade,2025,Q3,3,11,1,15441.300000000001,25.58,9.6448010169256,3.2418107961506966,12.886611813076296,3,0
42,Retail trade,2025,Q4,4,12,1,15429.533333333333,25.883333333333336,9.644038700786645,3.2535992609265865,12.897637961713231,3,0
42,Retail trade,2026,Q1,1,13,1,15432.199999999999,26.096666666666664,9.644211514584528,3.261807592251713,12.906019106836242,3,1
42,Retail trade,2026,Q2,2,14,1,15466.3,26.11,9.646418742368672,3.2623183827110376,12.90873712507971,1,1
43,Transportation and warehousing,2017,Q1,1,-23,0,5097.9,23.546666666666667,8.53658396920817,3.158984267627595,11.695568236835765,3,0
43,Transportation and warehousing,2017,Q2,2,-22,0,5156.633333333334,23.666666666666668,8.548039190753999,3.164067588373206,11.712106779127204,3,0
43,Transportation and warehousing,2017,Q3,3,-21,0,5204.966666666667,23.816666666666666,8.55736857692994,3.1703856157077666,11.727754192637706,3,0
43,Transportation and warehousing,2017,Q4,4,-20,0,5262.3,24.046666666666667,8.568323472517845,3.179996386807283,11.748319859325127,3,0
43,Transportation and warehousing,2018,Q1,1,-19,0,5319.233333333334,24.169999999999998,8.579084461675118,3.1851121947153915,11.764196656390508,3,0
43,Transportation and warehousing,2018,Q2,2,-18,0,5400.966666666666,24.203333333333333,8.594333228877247,3.1864903647240457,11.780823593601292,3,0
43,Transportation and warehousing,2018,Q3,3,-17,0,5463.366666666666,24.25,8.605820484332423,3.188416617383492,11.794237101715915,3,0
43,Transportation and warehousing,2018,Q4,4,-16,0,5524.866666666666,24.353333333333335,8.61701439336474,3.1926687326990266,11.809683126063765,3,0
43,Transportation and warehousing,2019,Q1,1,-15,0,5581.400000000001,24.536666666666665,8.627194919963552,3.200168597402505,11.827363517366058,3,0
43,Transportation and warehousing,2019,Q2,2,-14,0,5643.833333333333,24.69333333333333,8.638318782652446,3.2065333016698143,11.84485208432226,3,0
43,Transportation and warehousing,2019,Q3,3,-13,0,5697.933333333333,24.826666666666668,8.647858814977708,3.211918344300702,11.85977715927841,3,0
43,Transportation and warehousing,2019,Q4,4,-12,0,5737.900000000001,24.866666666666664,8.654848568714298,3.2135282185416054,11.868376787255905,3,0
43,Transportation and warehousing,2020,Q1,1,-11,0,5799.866666666666,25.003333333333334,8.665590207764524,3.219009149313435,11.88459935707796,3,0
43,Transportation and warehousing,2020,Q2,2,-10,0,5340.033333333333,25.41,8.582987174132011,3.2351427973320726,11.818129971464083,3,0
43,Transportation and warehousing,2020,Q3,3,-9,0,5580.0,25.28333333333333,8.626944055375356,3.2301454171264314,11.857089472501789,3,0
43,Transportation and warehousing,2020,Q4,4,-8,0,5821.266666666666,25.569999999999997,8.669273157365998,3.241419789303095,11.910692946669093,3,0
43,Transportation and warehousing,2021,Q1,1,-7,0,5941.900000000001,25.646666666666665,8.68978422653055,3.244413608656039,11.93419783518659,3,0
43,Transportation and warehousing,2021,Q2,2,-6,0,6035.166666666667,26.113333333333333,8.705358749830774,3.2624460395695754,11.967804789400349,3,0
43,Transportation and warehousing,2021,Q3,3,-5,0,6196.933333333333,26.570000000000004,8.731809825010636,3.2797827597717224,12.01159258478236,3,0
43,Transportation and warehousing,2021,Q4,4,-4,0,6393.466666666667,27.02,8.763031914609208,3.2965773325320527,12.05960924714126,3,0
43,Transportation and warehousing,2022,Q1,1,-3,0,6546.900000000001,27.373333333333335,8.786746934153063,3.3095693034826232,12.096316237635687,3,0
43,Transportation and warehousing,2022,Q2,2,-2,0,6623.833333333333,27.676666666666666,8.798429534717956,3.3205896996058297,12.119019234323785,3,0
43,Transportation and warehousing,2022,Q3,3,-1,0,6637.833333333333,28.013333333333335,8.800540884000464,3.33268058730869,12.133221471309154,3,0
43,Transportation and warehousing,2022,Q4,4,0,1,6620.433333333333,28.3,8.797916104996212,3.342861804649192,12.140777909645402,3,0
43,Transportation and warehousing,2023,Q1,1,1,1,6591.166666666667,28.600000000000005,8.793485647740544,3.353406717825807,12.146892365566352,3,0
43,Transportation and warehousing,2023,Q2,2,2,1,6589.066666666667,29.14,8.793166988735857,3.3721118007670587,12.165278789502917,3,0
43,Transportation and warehousing,2023,Q3,3,3,1,6586.400000000001,29.53,8.792762195984217,3.3854066957558313,12.178168891740048,3,0
43,Transportation and warehousing,2023,Q4,4,4,1,6594.599999999999,29.959999999999997,8.79400641130291,3.3998631586490187,12.193869569951929,3,0
43,Transportation and warehousing,2024,Q1,1,5,1,6590.966666666667,30.403333333333336,8.793455303638424,3.4145522515239572,12.208007555162382,3,0
43,Transportation and warehousing,2024,Q2,2,6,1,6641.066666666667,30.55,8.801027872139125,3.4193646856176043,12.220392557756728,3,0
43,Transportation and warehousing,2024,Q3,3,7,1,6649.533333333333,30.72666666666667,8.802301955748892,3.4251308986242526,12.227432854373145,3,0
43,Transportation and warehousing,2024,Q4,4,8,1,6657.666666666667,30.89,8.803524351797062,3.43043250693049,12.233956858727552,3,0
43,Transportation and warehousing,2025,Q1,1,9,1,6675.233333333334,31.11,8.806159438962112,3.4375293109095457,12.243688749871657,3,0
43,Transportation and warehousing,2025,Q2,2,10,1,6655.466666666667,31.383333333333336,8.80319385108548,3.4462769664350517,12.249470817520532,3,0
43,Transportation and warehousing,2025,Q3,3,11,1,6645.233333333334,31.653333333333332,8.801655084651753,3.454843461633303,12.256498546285055,3,0
43,Transportation and warehousing,2025,Q4,4,12,1,6578.233333333334,32.04666666666667,8.791521497894497,3.467193173797705,12.258714671692202,3,0
43,Transportation and warehousing,2026,Q1,1,13,1,6554.833333333333,32.306666666666665,8.787957969991007,3.475273607280215,12.263231577271222,3,1
43,Transportation and warehousing,2026,Q2,2,14,1,6584.3,32.38,8.792443306324929,3.477540948249489,12.269984254574418,1,1
50,Information,2017,Q1,1,-23,0,2816.3333333333335,37.59,7.943191081484735,3.6267380575760866,11.569929139060822,3,0
50,Information,2017,Q2,2,-22,0,2805.3333333333335,38.24333333333333,7.939277646309382,3.643969253142942,11.583246899452323,3,0
50,Information,2017,Q3,3,-21,0,2812.6666666666665,38.61,7.9418883040161745,3.653511310276145,11.595399614292319,3,0
50,Information,2017,Q4,4,-20,0,2814.6666666666665,38.699999999999996,7.942599120300102,3.655839600035736,11.598438720335837,3,0
50,Information,2018,Q1,1,-19,0,2820.6666666666665,39.14,7.944728542611903,3.66714496196793,11.611873504579833,3,0
50,Information,2018,Q2,2,-18,0,2839.0,39.63,7.951207156472972,3.679586407202344,11.630793563675315,3,0
50,Information,2018,Q3,3,-17,0,2839.6666666666665,40.19,7.951441953374731,3.6936182084611096,11.64506016183584,3,0
50,Information,2018,Q4,4,-16,0,2850.3333333333335,41.18666666666667,7.955191225487845,3.7181145793822714,11.673305804870116,3,0
50,Information,2019,Q1,1,-15,0,2844.6666666666665,41.839999999999996,7.953201175079836,3.733852819756667,11.687053994836504,3,0
50,Information,2019,Q2,2,-14,0,2859.6666666666665,41.93666666666667,7.958460346904856,3.73616054369493,11.694620890599785,3,0
50,Information,2019,Q3,3,-13,0,2867.3333333333335,42.46333333333333,7.961137724675572,3.748640958453586,11.709778683129159,3,0
50,Information,2019,Q4,4,-12,0,2883.3333333333335,42.556666666666665,7.966702311257816,3.7508365211641497,11.717538832421965,3,0
50,Information,2020,Q1,1,-11,0,2904.3333333333335,42.95333333333334,7.973959153563177,3.760114255042387,11.734073408605564,3,0
50,Information,2020,Q2,2,-10,0,2624.6666666666665,43.663333333333334,7.872709182835573,3.7765086957414478,11.649217878577021,3,0
50,Information,2020,Q3,3,-9,0,2652.3333333333335,44.11666666666667,7.883195034709425,3.786837640005001,11.670032674714426,3,0
50,Information,2020,Q4,4,-8,0,2697.3333333333335,44.446666666666665,7.900018909619527,3.794289968521804,11.694308878141332,3,0
50,Information,2021,Q1,1,-7,0,2760.3333333333335,44.333333333333336,7.92310672436559,3.791736839553644,11.714843563919235,3,0
50,Information,2021,Q2,2,-6,0,2812.0,44.35666666666666,7.941651252930556,3.7922630168875413,11.733914269818097,3,0
50,Information,2021,Q3,3,-5,0,2900.3333333333335,44.44,7.972580951897915,3.7941399647714293,11.766720916669344,3,0
50,Information,2021,Q4,4,-4,0,2954.0,44.65,7.9909154630913255,3.798854307322508,11.789769770413834,3,0
50,Information,2022,Q1,1,-3,0,2997.3333333333335,45.300000000000004,8.005478283465363,3.8133070324889884,11.81878531595435,3,0
50,Information,2022,Q2,2,-2,0,3055.6666666666665,46.22,8.024753069293666,3.8334126048462345,11.8581656741399,3,0
50,Information,2022,Q3,3,-1,0,3095.3333333333335,47.27333333333333,8.037650879911757,3.8559463592077408,11.893597239119499,3,0
50,Information,2022,Q4,4,0,1,3102.3333333333335,47.51666666666667,8.0399097955176,3.8610805266905714,11.900990322208173,3,0
50,Information,2023,Q1,1,1,1,3052.6666666666665,47.946666666666665,8.023770804548931,3.8700892820552006,11.893860086604132,3,0
50,Information,2023,Q2,2,2,1,3032.6666666666665,48.25,8.01719759946184,3.876395827784995,11.893593427246834,3,0
50,Information,2023,Q3,3,3,1,2985.6666666666665,48.47666666666667,8.001578339807086,3.881082582521509,11.882660922328595,3,0
50,Information,2023,Q4,4,4,1,2958.6666666666665,48.9,7.9924939953843745,3.8897773964808264,11.882271391865201,3,0
50,Information,2024,Q1,1,5,1,2957.3333333333335,49.20333333333334,7.992043240362094,3.8959613718807957,11.88800461224289,3,0
50,Information,2024,Q2,2,6,1,2933.3333333333335,49.53666666666667,7.983894711798188,3.9027131361023684,11.886607847900557,3,0
50,Information,2024,Q3,3,7,1,2909.6666666666665,50.333333333333336,7.97579380606724,3.9186675481468147,11.894461354214055,3,0
50,Information,2024,Q4,4,8,1,2889.0,51.25333333333333,7.968665700466235,3.9367806565538728,11.905446357020107,3,0
50,Information,2025,Q1,1,9,1,2873.3333333333335,51.71333333333333,7.963228074989629,3.945715646394616,11.908943721384246,3,0
50,Information,2025,Q2,2,10,1,2864.0,52.29,7.9599745280805365,3.956805148200039,11.916779676280575,3,0
50,Information,2025,Q3,3,11,1,2860.0,52.82,7.958576903813898,3.9668899068689862,11.925466810682884,3,0
50,Information,2025,Q4,4,12,1,2847.6666666666665,53.54333333333333,7.954255224483509,3.980491294901565,11.934746519385074,3,0
50,Information,2026,Q1,1,13,1,2797.6666666666665,54.31333333333333,7.936541015414718,3.994769746214386,11.931310761629105,3,1
50,Information,2026,Q2,2,14,1,2773.0,54.83,7.927685045615778,4.004237489415957,11.931922535031735,1,1
55,Financial activities,2017,Q1,1,-23,0,8401.0,32.73,9.036106025364846,3.4882920885130893,12.524398113877936,3,0
55,Financial activities,2017,Q2,2,-22,0,8437.666666666666,32.93666666666667,9.040461088072115,3.494586525538762,12.535047613610876,3,0
55,Financial activities,2017,Q3,3,-21,0,8473.666666666666,33.35333333333333,9.04471859440464,3.5071577173919493,12.55187631179659,3,0
55,Financial activities,2017,Q4,4,-20,0,8488.666666666666,33.830000000000005,9.046487219465272,3.521347982792617,12.56783520225789,3,0
55,Financial activities,2018,Q1,1,-19,0,8522.666666666666,34.300000000000004,9.05048455989789,3.5351453541718945,12.585629914069786,3,0
55,Financial activities,2018,Q2,2,-18,0,8569.666666666666,34.57,9.05598411546393,3.5429862539335333,12.598970369397463,3,0
55,Financial activities,2018,Q3,3,-17,0,8613.0,34.919999999999995,9.061027968789174,3.5530597309714014,12.614087699760574,3,0
55,Financial activities,2018,Q4,4,-16,0,8652.0,35.20333333333333,9.06554578707295,3.5611407750902733,12.626686562163222,3,0
55,Financial activities,2019,Q1,1,-15,0,8687.333333333334,35.49333333333333,9.069621305036742,3.5693448854187464,12.638966190455488,3,0
55,Financial activities,2019,Q2,2,-14,0,8734.0,35.800000000000004,9.074978734045507,3.577947893406655,12.65292662745216,3,0
55,Financial activities,2019,Q3,3,-13,0,8780.333333333334,36.06666666666667,9.080269650980641,3.5853690777442715,12.665638728724913,3,0
55,Financial activities,2019,Q4,4,-12,0,8812.0,36.35666666666666,9.083869707922235,3.5933775892725417,12.677247297194775,3,0
55,Financial activities,2020,Q1,1,-11,0,8853.333333333334,36.85333333333333,9.088549314922261,3.60694607135125,12.69549538627351,3,0
55,Financial activities,2020,Q2,2,-10,0,8607.0,37.56333333333333,9.060331104649475,3.6260283972961482,12.686359501945622,3,0
55,Financial activities,2020,Q3,3,-9,0,8648.666666666666,38.086666666666666,9.065160445462848,3.6398642646282067,12.705024710091054,3,0
55,Financial activities,2020,Q4,4,-8,0,8705.0,38.870000000000005,9.07165285220229,3.660222744864132,12.731875597066422,3,0
55,Financial activities,2021,Q1,1,-7,0,8725.333333333334,39.54333333333333,9.073985950734365,3.6773971170049022,12.751383067739265,3,0
55,Financial activities,2021,Q2,2,-6,0,8761.333333333334,40.093333333333334,9.078103379349649,3.6912100694522185,12.769313448801867,3,0
55,Financial activities,2021,Q3,3,-5,0,8828.333333333334,40.18,9.085721525310518,3.6933693593867885,12.779090884697306,3,0
55,Financial activities,2021,Q4,4,-4,0,8909.333333333334,40.64333333333334,9.094854695368483,3.704834820904064,12.799689516272547,3,0
55,Financial activities,2022,Q1,1,-3,0,8970.666666666666,40.89,9.101715274104565,3.7108855343765508,12.812600808481116,3,0
55,Financial activities,2022,Q2,2,-2,0,9048.333333333334,41.306666666666665,9.110335857671442,3.7210239074405034,12.831359765111946,3,0
55,Financial activities,2022,Q3,3,-1,0,9087.333333333334,41.76,9.114636781462679,3.731938943574383,12.846575725037061,3,0
55,Financial activities,2022,Q4,4,0,1,9134.666666666666,42.17666666666667,9.11983197845468,3.7418671455330625,12.861699123987743,3,0
55,Financial activities,2023,Q1,1,1,1,9148.666666666666,42.57,9.12136342816147,3.751149779840061,12.87251320800153,3,0
55,Financial activities,2023,Q2,2,2,1,9179.0,42.97,9.12467354521909,3.7605021977869035,12.885175743005995,3,0
55,Financial activities,2023,Q3,3,3,1,9190.666666666666,43.870000000000005,9.125943755337433,3.781230715178123,12.907174470515555,3,0
55,Financial activities,2023,Q4,4,4,1,9175.666666666666,44.39000000000001,9.124310331500148,3.793014218845944,12.917324550346091,3,0
55,Financial activities,2024,Q1,1,5,1,9155.0,44.94,9.122055457108612,3.8053282667571833,12.927383723865795,3,0
55,Financial activities,2024,Q2,2,6,1,9150.0,45.43333333333334,9.121509158269568,3.816246050034377,12.937755208303944,3,0
55,Financial activities,2024,Q3,3,7,1,9159.333333333334,45.82,9.122528674815785,3.8247206770253497,12.947249351841133,3,0
55,Financial activities,2024,Q4,4,8,1,9172.0,46.24333333333333,9.123910643977796,3.8339173094245242,12.957827953402319,3,0
55,Financial activities,2025,Q1,1,9,1,9195.666666666666,46.85333333333333,9.126487637582207,3.847022155210732,12.973509792792939,3,0
55,Financial activities,2025,Q2,2,10,1,9206.666666666666,47.36666666666667,9.127683138295174,3.857918746434945,12.98560188473012,3,0
55,Financial activities,2025,Q3,3,11,1,9192.666666666666,47.75,9.126161343733576,3.865979066926739,12.992140410660316,3,0
55,Financial activities,2025,Q4,4,12,1,9185.0,48.31666666666666,9.125326997649227,3.8777765666995547,13.00310356434878,3,0
55,Financial activities,2026,Q1,1,13,1,9142.0,48.74333333333333,9.12063445889169,3.886568435955678,13.007202894847367,3,1
55,Financial activities,2026,Q2,2,14,1,9119.0,48.99,9.118115427933665,3.8916161956504833,13.009731623584148,1,1
60,Professional and business services,2017,Q1,1,-23,0,20437.0,31.37,9.925102262508537,3.445852022202587,13.370954284711123,3,0
60,Professional and business services,2017,Q2,2,-22,0,20546.333333333332,31.540000000000003,9.930437777402677,3.4512565815348926,13.381694358937569,3,0
60,Professional and business services,2017,Q3,3,-21,0,20657.0,31.709999999999997,9.935809523998254,3.456632088550256,13.39244161254851,3,0
60,Professional and business services,2017,Q4,4,-20,0,20732.666666666668,31.900000000000002,9.939465835201363,3.462606009790799,13.402071844992163,3,0
60,Professional and business services,2018,Q1,1,-19,0,20863.666666666668,32.16,9.945764488116136,3.4707234443107655,13.416487932426902,3,0
60,Professional and business services,2018,Q2,2,-18,0,21007.666666666668,32.38333333333333,9.952642729445383,3.4776438871553395,13.430286616600723,3,0
60,Professional and business services,2018,Q3,3,-17,0,21110.0,32.74333333333333,9.957502140842367,3.4886993790186684,13.446201519861035,3,0
60,Professional and business services,2018,Q4,4,-16,0,21181.0,32.95333333333333,9.960859832393998,3.4950924192107036,13.455952251604701,3,0
60,Professional and business services,2019,Q1,1,-15,0,21229.666666666668,33.20333333333333,9.963154853522068,3.5026502724889648,13.465805126011032,3,0
60,Professional and business services,2019,Q2,2,-14,0,21357.666666666668,33.52,9.969166048655241,3.5121422756138823,13.481308324269124,3,0
60,Professional and business services,2019,Q3,3,-13,0,21447.0,33.86,9.973340054434962,3.522234376704989,13.495574431139952,3,0
60,Professional and business services,2019,Q4,4,-12,0,21476.666666666668,34.166666666666664,9.974722353464578,3.531250509910353,13.505972863374932,3,0
60,Professional and business services,2020,Q1,1,-11,0,21449.0,34.39666666666667,9.973433303222794,3.537959660459513,13.511392963682308,3,0
60,Professional and business services,2020,Q2,2,-10,0,19467.0,35.48,9.876476003289278,3.5689691574413787,13.445445160730657,3,0
60,Professional and business services,2020,Q3,3,-9,0,20122.333333333332,35.21666666666667,9.909585588331193,3.561519455393956,13.471105043725151,3,0
60,Professional and business services,2020,Q4,4,-8,0,20609.0,35.36,9.933483152571508,3.5655812377694427,13.499064390340951,3,0
60,Professional and business services,2021,Q1,1,-7,0,21010.0,35.68,9.952753793839046,3.5745903077118086,13.527344101550854,3,0
60,Professional and business services,2021,Q2,2,-6,0,21178.666666666668,36.28333333333333,9.960749664702924,3.5913584990124465,13.55210816371537,3,0
60,Professional and business services,2021,Q3,3,-5,0,21529.666666666668,36.9,9.97718710796576,3.6082115510464816,13.585398659012242,3,0
60,Professional and business services,2021,Q4,4,-4,0,22007.0,37.443333333333335,9.999115863549536,3.622828678985368,13.621944542534903,3,0
60,Professional and business services,2022,Q1,1,-3,0,22346.0,38.050000000000004,10.014402613107283,3.6389010843076948,13.653303697414978,3,0
60,Professional and business services,2022,Q2,2,-2,0,22511.666666666668,38.63,10.021788972326755,3.65402917667819,13.675818149004945,3,0
60,Professional and business services,2022,Q3,3,-1,0,22699.666666666668,39.0,10.030105519073867,3.6635616461296463,13.693667165203513,3,0
60,Professional and business services,2022,Q4,4,0,1,22783.0,39.38666666666666,10.033769922799051,3.6734273495550145,13.707197272354065,3,0
60,Professional and business services,2023,Q1,1,1,1,22820.0,39.846666666666664,10.035392623416067,3.6850387547279984,13.720431378144065,3,0
60,Professional and business services,2023,Q2,2,2,1,22837.666666666668,40.35666666666666,10.036166498597964,3.6977566020515393,13.733923100649504,3,0
60,Professional and business services,2023,Q3,3,3,1,22763.333333333332,40.74666666666667,10.032906333287025,3.707374036750101,13.740280370037127,3,0
60,Professional and business services,2023,Q4,4,4,1,22673.0,41.03666666666667,10.028930068226643,3.714465975991414,13.743396044218057,3,0
60,Professional and business services,2024,Q1,1,5,1,22652.333333333332,41.52,10.02801814252951,3.7261752388576332,13.754193381387143,3,0
60,Professional and business services,2024,Q2,2,6,1,22618.333333333332,42.00666666666667,10.026516065847362,3.7378283358458,13.764344401693162,3,0
60,Professional and business services,2024,Q3,3,7,1,22551.0,42.45333333333333,10.023534689845578,3.7484054334279633,13.771940123273541,3,0
60,Professional and business services,2024,Q4,4,8,1,22505.666666666668,43.11666666666667,10.02152240833501,3.7639096199639286,13.785432028298938,3,0
60,Professional and business services,2025,Q1,1,9,1,22470.0,43.54666666666666,10.019936365179374,3.7738331599941,13.793769525173476,3,0
60,Professional and business services,2025,Q2,2,10,1,22446.333333333332,43.99,10.018882553921843,3.7839623353606284,13.802844889282472,3,0
60,Professional and business services,2025,Q3,3,11,1,22379.0,44.586666666666666,10.015878298115155,3.797434860668282,13.813313158783437,3,0
60,Professional and business services,2025,Q4,4,12,1,22366.0,44.92666666666667,10.015297227588134,3.8050315308499614,13.820328758438094,3,0
60,Professional and business services,2026,Q1,1,13,1,22419.333333333332,45.18666666666667,10.01767896082871,3.810802058070741,13.82848101889945,3,1
60,Professional and business services,2026,Q2,2,14,1,22445.0,45.47,10.018823151216033,3.8170527678369193,13.835875919052953,1,1
65,Private education and health services,2017,Q1,1,-23,0,23002.0,26.05333333333333,10.043336447652527,3.2601457190664176,13.303482166718945,3,0
65,Private education and health services,2017,Q2,2,-22,0,23136.666666666668,26.243333333333336,10.04917393966552,3.2674119885282664,13.316585928193787,3,0
65,Private education and health services,2017,Q3,3,-21,0,23265.333333333332,26.439999999999998,10.05471969185001,3.2748780149834853,13.329597706833496,3,0
65,Private education and health services,2017,Q4,4,-20,0,23350.0,26.540000000000003,10.058352263097044,3.2786530289040616,13.337005292001106,3,0
65,Private education and health services,2018,Q1,1,-19,0,23485.0,26.723333333333333,10.064117198461096,3.2855370913867503,13.349654289847846,3,0
65,Private education and health services,2018,Q2,2,-18,0,23581.333333333332,26.94,10.068210717587462,3.293612170982218,13.36182288856968,3,0
65,Private education and health services,2018,Q3,3,-17,0,23684.333333333332,27.096666666666664,10.072569067751804,3.299410719090371,13.371979786842175,3,0
65,Private education and health services,2018,Q4,4,-16,0,23792.0,27.24,10.077104668699937,3.3046864812813115,13.381791149981249,3,0
65,Private education and health services,2019,Q1,1,-15,0,23937.666666666668,27.46666666666667,10.083208508474916,3.3129731482473166,13.396181656722232,3,0
65,Private education and health services,2019,Q2,2,-14,0,24093.0,27.486666666666668,10.089676620856572,3.3137010386106445,13.403377659467216,3,0
65,Private education and health services,2019,Q3,3,-13,0,24238.333333333332,27.686666666666667,10.0956906809437,3.320950949534498,13.416641630478198,3,0
65,Private education and health services,2019,Q4,4,-12,0,24382.333333333332,27.86,10.101614105319202,3.3271919683516598,13.428806073670861,3,0
65,Private education and health services,2020,Q1,1,-11,0,24479.666666666668,27.896666666666665,10.105598119975822,3.328507207376673,13.434105327352494,3,0
65,Private education and health services,2020,Q2,2,-10,0,22206.333333333332,28.46666666666667,10.008132812459547,3.3487338121264147,13.356866624585962,3,0
65,Private education and health services,2020,Q3,3,-9,0,23078.666666666668,28.623333333333335,10.04666394887818,3.354222236016284,13.400886184894464,3,0
65,Private education and health services,2020,Q4,4,-8,0,23316.333333333332,29.036666666666665,10.05690939539767,3.3685593991626908,13.42546879456036,3,0
65,Private education and health services,2021,Q1,1,-7,0,23437.0,29.39,10.062071249151874,3.380654480430826,13.442725729582701,3,0
65,Private education and health services,2021,Q2,2,-6,0,23614.0,29.746666666666666,10.069595035467055,3.392717080896222,13.462312116363277,3,0
65,Private education and health services,2021,Q3,3,-5,0,23699.0,30.233333333333334,10.0731881321402,3.408945068452981,13.48213320059318,3,0
65,Private education and health services,2021,Q4,4,-4,0,23843.666666666668,30.863333333333333,10.079273912484789,3.429568855791846,13.508842768276635,3,0
65,Private education and health services,2022,Q1,1,-3,0,23970.0,31.336666666666662,10.08455832742843,3.4447888709223498,13.529347198350779,3,0
65,Private education and health services,2022,Q2,2,-2,0,24186.666666666668,31.673333333333332,10.09355679612091,3.4554751070906655,13.549031903211574,3,0
65,Private education and health services,2022,Q3,3,-1,0,24471.666666666668,32.07666666666667,10.105271264728929,3.4681288707001996,13.573400135429129,3,0
65,Private education and health services,2022,Q4,4,0,1,24714.666666666668,32.43333333333334,10.115152138563992,3.47918670052385,13.594338839087843,3,0
65,Private education and health services,2023,Q1,1,1,1,24957.333333333332,32.71,10.124922979168982,3.4876808415502927,13.612603820719276,3,0
65,Private education and health services,2023,Q2,2,2,1,25216.0,33.00666666666667,10.135233992657605,3.4967095612651673,13.631943553922772,3,0
65,Private education and health services,2023,Q3,3,3,1,25540.0,33.32,10.14800112958653,3.506157817298642,13.654158946885172,3,0
65,Private education and health services,2023,Q4,4,4,1,25841.0,33.526666666666664,10.159717656838128,3.512341142075709,13.672058798913836,3,0
65,Private education and health services,2024,Q1,1,5,1,26129.333333333332,33.806666666666665,10.170813844730835,3.5206580216987633,13.691471866429598,3,0
65,Private education and health services,2024,Q2,2,6,1,26390.0,34.17333333333333,10.18074042949737,3.5314456128277607,13.712186042325131,3,0
65,Private education and health services,2024,Q3,3,7,1,26593.0,34.526666666666664,10.18840330224294,3.5417319723276357,13.730135274570575,3,0
65,Private education and health services,2024,Q4,4,8,1,26867.0,34.86666666666667,10.198654046697536,3.5515312629627127,13.750185309660248,3,0
65,Private education and health services,2025,Q1,1,9,1,27067.333333333332,35.24666666666667,10.206082867720205,3.5623709621391946,13.7684538298594,3,0
65,Private education and health services,2025,Q2,2,10,1,27272.333333333332,35.44,10.213628036291201,3.56784112573688,13.781469162028081,3,0
65,Private education and health services,2025,Q3,3,11,1,27445.333333333332,35.67333333333333,10.219951426413362,3.574403444215049,13.79435487062841,3,0
65,Private education and health services,2025,Q4,4,12,1,27583.0,36.00666666666667,10.224954919906036,3.5837041064966355,13.80865902640267,3,0
65,Private education and health services,2026,Q1,1,13,1,27743.666666666668,36.17333333333334,10.230762864898328,3.5883221991226213,13.819085064020948,3,1
65,Private education and health services,2026,Q2,2,14,1,27834.0,36.23,10.234013573979798,3.5898875049069856,13.823901078886784,1,1
70,Leisure and hospitality,2017,Q1,1,-23,0,15910.666666666666,15.286666666666667,9.674745022821437,2.7269809887616487,12.401726011583085,3,0
70,Leisure and hospitality,2017,Q2,2,-22,0,16046.333333333334,15.456666666666669,9.68323564970704,2.7380404097352598,12.421276059442299,3,0
70,Leisure and hospitality,2017,Q3,3,-21,0,16137.333333333334,15.54,9.688890707190385,2.7434173449395014,12.432308052129887,3,0
70,Leisure and hospitality,2017,Q4,4,-20,0,16158.666666666666,15.636666666666668,9.690211820420268,2.749618583672257,12.439830404092525,3,0
70,Leisure and hospitality,2018,Q1,1,-19,0,16226.333333333334,15.780000000000001,9.694390715905184,2.7587433154177283,12.453134031322913,3,0
70,Leisure and hospitality,2018,Q2,2,-18,0,16265.666666666666,15.893333333333333,9.696811825873603,2.7658997340889844,12.462711559962587,3,0
70,Leisure and hospitality,2018,Q3,3,-17,0,16332.333333333334,16.036666666666665,9.700902062060562,2.7748777670432525,12.475779829103814,3,0
70,Leisure and hospitality,2018,Q4,4,-16,0,16376.333333333334,16.213333333333335,9.703592482125009,2.785833948989802,12.489426431114811,3,0
70,Leisure and hospitality,2019,Q1,1,-15,0,16495.333333333332,16.37,9.710832791602382,2.7954503913830435,12.506283182985426,3,0
70,Leisure and hospitality,2019,Q2,2,-14,0,16515.333333333332,16.51,9.712044521292611,2.8039662579320366,12.516010779224649,3,0
70,Leisure and hospitality,2019,Q3,3,-13,0,16599.0,16.623333333333335,9.71709773156622,2.8108073308899217,12.52790506245614,3,0
70,Leisure and hospitality,2019,Q4,4,-12,0,16762.666666666668,16.73,9.72690947036924,2.8172035149987327,12.544112985367972,3,0
70,Leisure and hospitality,2020,Q1,1,-11,0,16623.333333333332,16.903333333333332,9.718562609872059,2.827510841138818,12.546073451010876,3,0
70,Leisure and hospitality,2020,Q2,2,-10,0,10147.666666666666,17.49,9.224999072984842,2.8616292890305104,12.086628362015352,3,0
70,Leisure and hospitality,2020,Q3,3,-9,0,12684.333333333334,16.986666666666668,9.448122915140534,2.8324287225957985,12.280551637736332,3,0
70,Leisure and hospitality,2020,Q4,4,-8,0,13120.333333333334,17.043333333333333,9.481918468679405,2.835759120423798,12.317677589103203,3,0
70,Leisure and hospitality,2021,Q1,1,-7,0,13080.333333333334,17.400000000000002,9.47886510888627,2.8564702062204836,12.335335315106752,3,0
70,Leisure and hospitality,2021,Q2,2,-6,0,13818.333333333334,18.11,9.53375149188221,2.896464271895322,12.43021576377753,3,0
70,Leisure and hospitality,2021,Q3,3,-5,0,14620.666666666666,18.77,9.59019133189934,2.9322598505984176,12.522451182497758,3,0
70,Leisure and hospitality,2021,Q4,4,-4,0,15088.666666666666,19.34,9.62169918912156,2.9621754900251482,12.58387467914671,3,0
70,Leisure and hospitality,2022,Q1,1,-3,0,15438.0,19.553333333333335,9.6445872815098,2.9731457748811954,12.617733056390994,3,0
70,Leisure and hospitality,2022,Q2,2,-2,0,15708.0,19.983333333333334,9.661925415697901,2.9948985928054137,12.656824008503314,3,0
70,Leisure and hospitality,2022,Q3,3,-1,0,15991.0,20.323333333333334,9.679781342959442,3.011769651251615,12.691550994211058,3,0
70,Leisure and hospitality,2022,Q4,4,0,1,16190.0,20.64,9.69214904667168,3.027230940613362,12.719379987285043,3,0
70,Leisure and hospitality,2023,Q1,1,1,1,16411.0,20.833333333333332,9.705707120679628,3.036554268074246,12.742261388753874,3,0
70,Leisure and hospitality,2023,Q2,2,2,1,16538.0,21.099999999999998,9.713416042282113,3.0492730404820207,12.762689082764133,3,0
70,Leisure and hospitality,2023,Q3,3,3,1,16636.666666666668,21.313333333333333,9.719364373795546,3.0593328549635856,12.77869722875913,3,0
70,Leisure and hospitality,2023,Q4,4,4,1,16695.666666666668,21.53,9.722904483695894,3.0694473113762717,12.792351795072165,3,0
70,Leisure and hospitality,2024,Q1,1,5,1,16746.666666666668,21.736666666666668,9.72595451247397,3.0790005427370013,12.804955055210971,3,0
70,Leisure and hospitality,2024,Q2,2,6,1,16745.666666666668,21.916666666666668,9.72589479731526,3.0872473823897644,12.813142179705023,3,0
70,Leisure and hospitality,2024,Q3,3,7,1,16757.666666666668,22.13,9.726611143978069,3.0969341540629585,12.823545298041028,3,0
70,Leisure and hospitality,2024,Q4,4,8,1,16828.0,22.33666666666667,9.730799444710412,3.10622957331697,12.837029018027382,3,0
70,Leisure and hospitality,2025,Q1,1,9,1,16817.0,22.603333333333335,9.73014555852275,3.1180973880276412,12.848242946550391,3,0
70,Leisure and hospitality,2025,Q2,2,10,1,16837.333333333332,22.703333333333333,9.731353922129664,3.1225117565851175,12.853865678714781,3,0
70,Leisure and hospitality,2025,Q3,3,11,1,16875.0,22.91,9.733588515740731,3.1315734964654043,12.865162012206135,3,0
70,Leisure and hospitality,2025,Q4,4,12,1,16948.333333333332,23.143333333333334,9.737924779557128,3.1417067620970722,12.8796315416542,3,0
70,Leisure and hospitality,2026,Q1,1,13,1,16955.0,23.393333333333334,9.73831805455974,3.1524510814869595,12.890769136046698,3,1
70,Leisure and hospitality,2026,Q2,2,14,1,16978.0,23.56,9.739673667297913,3.159550358783386,12.8992240260813,1,1
80,Other services,2017,Q1,1,-23,0,5739.333333333333,23.583333333333332,8.65509833854979,3.1605402478552374,11.815638586405028,3,0
80,Other services,2017,Q2,2,-22,0,5762.333333333333,23.709999999999997,8.659097764254676,3.165896900077314,11.82499466433199,3,0
80,Other services,2017,Q3,3,-21,0,5777.333333333333,23.939999999999998,8.66169749419169,3.175550700129827,11.837248194321518,3,0
80,Other services,2017,Q4,4,-20,0,5800.333333333333,24.156666666666666,8.665670666147468,3.1845603944530803,11.85023106060055,3,0
80,Other services,2018,Q1,1,-19,0,5813.0,24.28,8.66785206770135,3.1896529661912973,11.857505033892648,3,0
80,Other services,2018,Q2,2,-18,0,5834.333333333333,24.433333333333334,8.671515285122727,3.1959483202244963,11.867463605347222,3,0
80,Other services,2018,Q3,3,-17,0,5832.0,24.593333333333334,8.671115273688494,3.20247540350042,11.873590677188915,3,0
80,Other services,2018,Q4,4,-16,0,5842.0,24.853333333333335,8.672828482947686,3.2129918817092262,11.885820364656912,3,0
80,Other services,2019,Q1,1,-15,0,5861.666666666667,25.03333333333333,8.676189256239974,3.2202082701019794,11.896397526341952,3,0
80,Other services,2019,Q2,2,-14,0,5890.333333333333,25.11,8.681067868139946,3.2232661731694936,11.90433404130944,3,0
80,Other services,2019,Q3,3,-13,0,5901.0,25.26,8.682877107057168,3.229222116922345,11.912099223979514,3,0
80,Other services,2019,Q4,4,-12,0,5908.666666666667,25.47,8.684175478630234,3.2375012889913655,11.9216767676216,3,0
80,Other services,2020,Q1,1,-11,0,5904.666666666667,25.67,8.68349827770142,3.245322994883049,11.928821272584468,3,0
80,Other services,2020,Q2,2,-10,0,4781.0,27.363333333333333,8.472405008626103,3.309203917692065,11.78160892631817,3,0
80,Other services,2020,Q3,3,-9,0,5286.333333333333,26.62,8.572880152830491,3.2816628129669656,11.854542965797457,3,0
80,Other services,2020,Q4,4,-8,0,5337.0,26.71666666666667,8.582418976333944,3.2852875903874525,11.867706566721397,3,0
80,Other services,2021,Q1,1,-7,0,5324.333333333333,27.123333333333335,8.580042787121847,3.3003943660404564,11.880437153162303,3,0
80,Other services,2021,Q2,2,-6,0,5388.666666666667,27.526666666666667,8.59205326162568,3.3151552317898343,11.907208493415515,3,0
80,Other services,2021,Q3,3,-5,0,5521.666666666667,27.820000000000004,8.616435026065886,3.325755186495297,11.942190212561183,3,0
80,Other services,2021,Q4,4,-4,0,5597.666666666667,28.166666666666668,8.630105123226897,3.3381392456950185,11.968244368921917,3,0
80,Other services,2022,Q1,1,-3,0,5634.0,28.373333333333335,8.636574948436317,3.3454497369252247,11.982024685361543,3,0
80,Other services,2022,Q2,2,-2,0,5665.333333333333,28.680000000000003,8.642121012566593,3.3562000157314196,11.998321028298012,3,0
80,Other services,2022,Q3,3,-1,0,5718.666666666667,28.97666666666667,8.651490956968662,3.3664909084228634,12.017981865391524,3,0
80,Other services,2022,Q4,4,0,1,5760.333333333333,29.326666666666668,8.658750622385883,3.3784972272524643,12.037247849638346,3,0
80,Other services,2023,Q1,1,1,1,5786.333333333333,29.72666666666667,8.66325409420044,3.392044510531221,12.05529860473166,3,0
80,Other services,2023,Q2,2,2,1,5814.333333333333,30.189999999999998,8.668081412350025,3.4075107437187473,12.075592156068772,3,0
80,Other services,2023,Q3,3,3,1,5867.666666666667,30.58,8.677212332377863,3.420346200500916,12.097558532878779,3,0
80,Other services,2023,Q4,4,4,1,5901.333333333333,30.923333333333332,8.682933593062776,3.4315110229970704,12.114444616059846,3,0
80,Other services,2024,Q1,1,5,1,5930.0,31.256666666666664,8.68777949199177,3.442232686763424,12.130012178755194,3,0
80,Other services,2024,Q2,2,6,1,5952.666666666667,31.643333333333334,8.691594577409052,3.4545274892255975,12.14612206663465,3,0
80,Other services,2024,Q3,3,7,1,5959.0,32.02333333333333,8.69265796074698,3.4664648037535373,12.159122764500516,3,0
80,Other services,2024,Q4,4,8,1,5967.333333333333,32.28,8.694055428762775,3.474447843401748,12.168503272164523,3,0
80,Other services,2025,Q1,1,9,1,5979.666666666667,32.626666666666665,8.696120104030982,3.4851299499063613,12.181250053937342,3,0
80,Other services,2025,Q2,2,10,1,5988.333333333333,32.85666666666666,8.697568410879509,3.492154667009238,12.189723077888747,3,0
80,Other services,2025,Q3,3,11,1,6000.666666666667,33.223333333333336,8.699625853148921,3.5032524403112553,12.202878293460175,3,0
80,Other services,2025,Q4,4,12,1,6012.333333333333,33.580000000000005,8.701568194002089,3.513930651649395,12.215498845651485,3,0
80,Other services,2026,Q1,1,13,1,6026.666666666667,33.77333333333333,8.703949345278058,3.519671536465365,12.223620881743424,3,1
80,Other services,2026,Q2,2,14,1,6032.0,33.79,8.704833909687792,3.5201649007261984,12.224998810413991,1,1
90,Government,2017,Q1,1,-23,0,22323.666666666668,,10.013402680183635,,,3,0
90,Government,2017,Q2,2,-22,0,22347.333333333332,,10.014462278978423,,,3,0
90,Government,2017,Q3,3,-21,0,22339.0,,10.014089308863923,,,3,0
90,Government,2017,Q4,4,-20,0,22374.666666666668,,10.015684645452943,,,3,0
90,Government,2018,Q1,1,-19,0,22406.666666666668,,10.017113812610987,,,3,0
90,Government,2018,Q2,2,-18,0,22458.333333333332,,10.019417019543189,,,3,0
90,Government,2018,Q3,3,-17,0,22459.333333333332,,10.019461545453565,,,3,0
90,Government,2018,Q4,4,-16,0,22487.666666666668,,10.020722289756245,,,3,0
90,Government,2019,Q1,1,-15,0,22534.0,,10.022780558724111,,,3,0
90,Government,2019,Q2,2,-14,0,22595.0,,10.02548392184538,,,3,0
90,Government,2019,Q3,3,-13,0,22616.666666666668,,10.026442376594906,,,3,0
90,Government,2019,Q4,4,-12,0,22701.666666666668,,10.030193622213332,,,3,0
90,Government,2020,Q1,1,-11,0,22821.666666666668,,10.035465656098225,,,3,0
90,Government,2020,Q2,2,-10,0,21571.333333333332,,9.979120551720964,,,3,0
90,Government,2020,Q3,3,-9,0,21814.333333333332,,9.990322525078518,,,3,0
90,Government,2020,Q4,4,-8,0,21722.0,,9.986080850839981,,,3,0
90,Government,2021,Q1,1,-7,0,21779.666666666668,,9.988732091809077,,,3,0
90,Government,2021,Q2,2,-6,0,21951.0,,9.99656797555214,,,3,0
90,Government,2021,Q3,3,-5,0,22092.333333333332,,10.00298591932538,,,3,0
90,Government,2021,Q4,4,-4,0,22045.0,,10.000841097792039,,,3,0
90,Government,2022,Q1,1,-3,0,22038.0,,10.000523515047723,,,3,0
90,Government,2022,Q2,2,-2,0,22112.0,,10.003875726567397,,,3,0
90,Government,2022,Q3,3,-1,0,22303.0,,10.012476477547958,,,3,0
90,Government,2022,Q4,4,0,1,22345.666666666668,,10.01438769608323,,,3,0
90,Government,2023,Q1,1,1,1,22534.0,,10.022780558724111,,,3,0
90,Government,2023,Q2,2,2,1,22718.666666666668,,10.030942185667021,,,3,0
90,Government,2023,Q3,3,3,1,22897.333333333332,,10.038775734435642,,,3,0
90,Government,2023,Q4,4,4,1,23040.0,,10.044987114809828,,,3,0
90,Government,2024,Q1,1,5,1,23215.666666666668,,10.052582617106811,,,3,0
90,Government,2024,Q2,2,6,1,23322.0,,10.057152400080279,,,3,0
90,Government,2024,Q3,3,7,1,23428.333333333332,,10.061701395097757,,,3,0
90,Government,2024,Q4,4,8,1,23506.333333333332,,10.065025167368793,,,3,0
90,Government,2025,Q1,1,9,1,23558.333333333332,,10.067234893893682,,,3,0
90,Government,2025,Q2,2,10,1,23571.666666666668,,10.06780070478649,,,3,0
90,Government,2025,Q3,3,11,1,23554.333333333332,,10.06706508817931,,,3,0
90,Government,2025,Q4,4,12,1,23366.0,,10.059037253277094,,,3,0
90,Government,2026,Q1,1,13,1,23322.0,,10.057152400080279,,,3,1
90,Government,2026,Q2,2,14,1,23308.0,,10.056551928262964,,,1,1
